﻿<?xml version="1.0" encoding="utf-8" ?>
<Defs>
	<ThingDef ParentName="ResourceVerbBase">
		<defName>Owl_WoodLog</defName>
		<label>wood log</label>
		<description>Wood from trees or other fibrous plants. Useful for building structures and weapons. It is a good fuel for campfires and generators, and can be refined into chemfuel. In a pinch, a piece of wood can be used as a weapon or a leg.</description>
		<graphicData>
			<texPath>Things/Item/Resource/WoodLog</texPath>
			<graphicClass>Graphic_StackCount</graphicClass>
		</graphicData>
		<equippedAngleOffset>-20</equippedAngleOffset>
		<soundInteract>Wood_Drop</soundInteract>
		<soundDrop>Wood_Drop</soundDrop>
		<statBases>
			<MarketValue>0.9</MarketValue>
			<MaxHitPoints>150</MaxHitPoints>
			<Mass>0.4</Mass> 
			<Flammability>1.0</Flammability>
			<DeteriorationRate>0.35</DeteriorationRate>
		</statBases>
		<thingCategories>
			<li>ResourcesRaw</li>
		</thingCategories>
		<stuffProps>
			<stuffAdjective>log</stuffAdjective>
			<categories>
				<li>RawWoody</li>
			</categories>
			<commonality>0</commonality>
			<color>(86,62,44)</color>
			<appearance>Planks</appearance>
			<constructEffect>ConstructWood</constructEffect>
			<soundImpactStuff>BulletImpact_Wood</soundImpactStuff>
			<soundMeleeHitSharp>MeleeHit_Wood</soundMeleeHitSharp>
			<soundMeleeHitBlunt>MeleeHit_Wood</soundMeleeHitBlunt>
			<statFactors>
				<MaxHitPoints>0.50</MaxHitPoints>
				<Beauty>0.5</Beauty>
				<Flammability>1</Flammability>
				<WorkToMake>2.0</WorkToMake>
				<WorkToBuild>2.0</WorkToBuild>
				<DoorOpenSpeed>0.8</DoorOpenSpeed>
			</statFactors>
		</stuffProps>
		<tools>
			<li>
				<label>log</label>
				<capacities>
					<li>Blunt</li>
				</capacities>
				<power>10</power>
				<cooldownTime>2</cooldownTime>
			</li>
		</tools>
	</ThingDef>
	
	<ThingDef ParentName="ResourceBase">
		<defName>Owl_GreenLumber</defName>
		<label>green lumber</label>
		<description>This lumber has been cut from logs, but has yet to be dried out in a controlled environment.</description>
		<graphicData>
			<texPath>Things/Item/Resource/Owl_Lumber</texPath>
			<graphicClass>Graphic_StackCount</graphicClass>
			<color>(140,150,67)</color>
		</graphicData>
		<soundInteract>Wood_Drop</soundInteract>
		<soundDrop>Wood_Drop</soundDrop>
		<statBases>
			<MarketValue>1</MarketValue>
			<MaxHitPoints>125</MaxHitPoints>
			<Mass>0.4</Mass> 
			<Flammability>1.0</Flammability>
			<DeteriorationRate>0.5</DeteriorationRate>
			
			<StuffPower_Armor_Sharp>0.48</StuffPower_Armor_Sharp>
			<StuffPower_Armor_Blunt>0.48</StuffPower_Armor_Blunt>
			<StuffPower_Armor_Heat>0.37</StuffPower_Armor_Heat>
			<StuffPower_Insulation_Cold>8</StuffPower_Insulation_Cold>
			<StuffPower_Insulation_Heat>4</StuffPower_Insulation_Heat>
			<SharpDamageMultiplier>0.37</SharpDamageMultiplier>
			<BluntDamageMultiplier>0.82</BluntDamageMultiplier>
		</statBases>
		<thingCategories>
			<li>ResourcesRaw</li>
		</thingCategories>
		<stuffProps>
			<stuffAdjective>rough wooden</stuffAdjective>
			<categories>
				<li>Woody</li>
			</categories>
			<commonality>0.1</commonality>
			<color>(133,115,67)</color>
			<appearance>Planks</appearance>
			<constructEffect>ConstructWood</constructEffect>
			<soundImpactStuff>BulletImpact_Wood</soundImpactStuff>
			<soundMeleeHitSharp>MeleeHit_Wood</soundMeleeHitSharp>
			<soundMeleeHitBlunt>MeleeHit_Wood</soundMeleeHitBlunt>
			<statFactors>
				<MaxHitPoints>0.5</MaxHitPoints>
				<Beauty>0.75</Beauty>
				<Flammability>0.9</Flammability>
				<WorkToMake>1.25</WorkToMake>
				<WorkToBuild>1.25</WorkToBuild>
				<DoorOpenSpeed>0.9</DoorOpenSpeed>
				<BedRestEffectiveness>0.8</BedRestEffectiveness>
				<Comfort>0.8</Comfort>
			</statFactors>
		</stuffProps>
	</ThingDef>
</Defs>
